{"X7HyMhZNoso_0": {"dim": [764, 0, 1917], "central_pos": [-0.1741349999999997, 0.0, 17.162205], "map_world_shift": [-7.81302, 0.0, -2.0038899999999984]}, "2azQ1b91cZZ_1": {"dim": [1317, 0, 796], "central_pos": [9.461984999999999, 0.0, 3.2476599999999998], "map_world_shift": [-3.7108300000000014, 0.0, -4.70898]}, "EU6Fwq7SyZv_1": {"dim": [963, 0, 751], "central_pos": [3.83611, 0.0, 4.494655], "map_world_shift": [-5.797780000000001, 0.0, -3.0135900000000007]}, "oLBMNvg9in8_1": {"dim": [813, 0, 765], "central_pos": [1.334565, 0.0, -0.20413999999999977], "map_world_shift": [-6.7936700000000005, 0.0, -7.85237]}, "EU6Fwq7SyZv_2": {"dim": [948, 0, 729], "central_pos": [4.139189999999999, 0.0, 4.701919999999999], "map_world_shift": [-5.340020000000001, 0.0, -2.5910600000000006]}, "8194nk5LbLH_1": {"dim": [845, 0, 716], "central_pos": [3.178665, 0.0, 0.5617549999999998], "map_world_shift": [-5.2704699999999995, 0.0, -6.59696]}, "oLBMNvg9in8_2": {"dim": [598, 0, 670], "central_pos": [1.2647499999999998, 0.0, 0.768475], "map_world_shift": [-4.71288, 0.0, -5.927819999999999]}, "8194nk5LbLH_0": {"dim": [1056, 0, 659], "central_pos": [1.3988450000000006, 0.0, 1.656635], "map_world_shift": [-9.16321, 0.0, -4.932360000000001]}, "TbHJrupSAjP_2": {"dim": [746, 0, 784], "central_pos": [1.7393299999999998, 0.0, -4.911055], "map_world_shift": [-5.71715, 0.0, -12.7475]}, "x8F5xyUWy9e_0": {"dim": [1180, 0, 1065], "central_pos": [-4.11906, 0.0, -0.29338], "map_world_shift": [-15.920000000000002, 0.0, -10.944189999999999]}, "oLBMNvg9in8_0": {"dim": [694, 0, 798], "central_pos": [1.8442800000000004, 0.0, 0.2004050000000004], "map_world_shift": [-5.09566, 0.0, -7.78323]}, "TbHJrupSAjP_1": {"dim": [880, 0, 884], "central_pos": [2.0059499999999995, 0.0, -5.88106], "map_world_shift": [-6.791050000000001, 0.0, -14.718]}, "zsNo4HB9uLZ_0": {"dim": [1232, 0, 861], "central_pos": [8.096185, 0.0, -2.4269], "map_world_shift": [-4.223330000000001, 0.0, -11.0336]}, "oLBMNvg9in8_3": {"dim": [584, 0, 674], "central_pos": [1.2014300000000002, 0.0, 0.8251749999999998], "map_world_shift": [-4.6361, 0.0, -5.91516]}, "Z6MFQCViBuw_0": {"dim": [2218, 0, 1480], "central_pos": [15.527625, 0.0, -5.582825000000001], "map_world_shift": [-6.653649999999999, 0.0, -20.3838]}, "TbHJrupSAjP_0": {"dim": [909, 0, 903], "central_pos": [2.4656, 0.0, -6.506704999999999], "map_world_shift": [-6.621699999999999, 0.0, -15.54]}, "X7HyMhZNoso_1": {"dim": [819, 0, 1656], "central_pos": [-0.7222299999999997, 0.0, 14.350925], "map_world_shift": [-8.90921, 0.0, -2.2129499999999993]}, "2azQ1b91cZZ_0": {"dim": [2253, 0, 1606], "central_pos": [11.021050000000002, 0.0, 3.345299999999999], "map_world_shift": [-11.510199999999998, 0.0, -12.710800000000003]}, "EU6Fwq7SyZv_0": {"dim": [380, 0, 489], "central_pos": [-0.29934000000000016, 0.0, 7.0071449999999995], "map_world_shift": [-4.09804, 0.0, 2.1199899999999996]}, "pLe4wQe7qrG_0": {"dim": [669, 0, 435], "central_pos": [3.4718149999999994, 0.0, -0.10271500000000011], "map_world_shift": [-3.2224400000000006, 0.0, -4.45013]}, "QUCTc6BB5sX_0": {"dim": [1037, 0, 958], "central_pos": [-3.78841, 0.0, -17.322645], "map_world_shift": [-14.161099999999998, 0.0, -26.906]}, "QUCTc6BB5sX_1": {"dim": [1564, 0, 2384], "central_pos": [-2.835799999999999, 0.0, -3.82005], "map_world_shift": [-18.4792, 0.0, -27.664500000000004]}}