{"frl_apartment_3": {"xlo": -2.988739252090454, "ylo": -1.4973835945129395, "zlo": -6.031637191772461, "xhi": 9.393243789672852, "yhi": 1.5452812910079956, "zhi": 1.0943435430526733, "center": [3.2022522687911987, 0.023948848247528076, -2.468646824359894], "sizes": [16.381983041763306, 7.042664885520935, 11.125980734825134]}, "office_1": {"xlo": -1.8194276094436646, "ylo": -1.0455453395843506, "zlo": -2.365306854248047, "xhi": 1.935554027557373, "yhi": 0.7216089367866516, "zhi": 0.8055108785629272, "center": [0.05806320905685425, -0.1619682013988495, -0.7798979878425598], "sizes": [7.754981637001038, 5.767154276371002, 7.170817732810974]}, "office_0": {"xlo": -2.0016164779663086, "ylo": -1.1668980121612549, "zlo": -1.556925654411316, "xhi": 2.3867290019989014, "yhi": 0.9400644302368164, "zhi": 2.9043326377868652, "center": [0.1925562620162964, -0.11341679096221924, 0.6737034916877747], "sizes": [8.38834547996521, 6.106962442398071, 8.461258292198181]}, "frl_apartment_2": {"xlo": -3.171912670135498, "ylo": -1.4786105155944824, "zlo": -5.830819129943848, "xhi": 9.30289077758789, "yhi": 1.6623032093048096, "zhi": 1.1645219326019287, "center": [3.0654890537261963, 0.09184634685516357, -2.3331485986709595], "sizes": [16.47480344772339, 7.140913724899292, 10.995341062545776]}, "office_2": {"xlo": -2.760115146636963, "ylo": -1.2210705280303955, "zlo": -5.262955188751221, "xhi": 1.508783221244812, "yhi": -0.1659189760684967, "zhi": 2.51444149017334, "center": [-0.6256659626960754, -0.6934947520494461, -1.3742568492889404], "sizes": [8.268898367881775, 5.055151551961899, 11.77739667892456]}, "frl_apartment_0": {"xlo": -1.038446307182312, "ylo": -1.6239197254180908, "zlo": -3.2969813346862793, "xhi": 6.175586223602295, "yhi": 1.4396181106567383, "zhi": 9.171599388122559, "center": [2.5685699582099915, -0.09215080738067627, 2.9373090267181396], "sizes": [11.214032530784607, 7.063537836074829, 16.468580722808838]}, "apartment_0_1": {"xlo": -2.8334667682647705, "ylo": 1.2548996210098267, "zlo": -2.6056275367736816, "xhi": 3.5368640422821045, "yhi": 3.121753692626953, "zhi": 9.319866180419922, "center": [0.351698637008667, 2.18832665681839, 3.35711932182312], "sizes": [10.370330810546875, 5.8668540716171265, 15.925493717193604]}, "apartment_0_0": {"xlo": -2.035189390182495, "ylo": -1.540267825126648, "zlo": -3.9659299850463867, "xhi": 4.7808966636657715, "yhi": 1.133305311203003, "zhi": 9.503183364868164, "center": [1.3728536367416382, -0.2034812569618225, 2.7686266899108887], "sizes": [10.816086053848267, 6.673573136329651, 17.46911334991455]}, "frl_apartment_1": {"xlo": -3.4356679916381836, "ylo": -1.5150996446609497, "zlo": -6.207818984985352, "xhi": 9.123178482055664, "yhi": 1.5372965335845947, "zhi": 0.9963052868843079, "center": [2.8437552452087402, 0.01109844446182251, -2.605756849050522], "sizes": [16.558846473693848, 7.052396178245544, 11.20412427186966]}, "office_3": {"xlo": -3.4082679748535156, "ylo": -1.2134191989898682, "zlo": -0.6305599212646484, "xhi": 2.541016101837158, "yhi": -0.1385379284620285, "zhi": 4.0967254638671875, "center": [-0.4336259365081787, -0.6759785637259483, 1.7330827713012695], "sizes": [9.949284076690674, 5.07488127052784, 8.727285385131836]}, "room_2": {"xlo": -0.5412418246269226, "ylo": -2.7203683853149414, "zlo": -0.5524917840957642, "xhi": 4.4544243812561035, "yhi": -0.05992746353149414, "zhi": 1.8554236888885498, "center": [1.9565912783145905, -1.3901479244232178, 0.6514659523963928], "sizes": [8.995666205883026, 6.660440921783447, 6.407915472984314]}, "frl_apartment_5": {"xlo": -2.954458475112915, "ylo": -1.4678642749786377, "zlo": -5.855679988861084, "xhi": 9.510917663574219, "yhi": 1.6828272342681885, "zhi": 1.2303571701049805, "center": [3.278229594230652, 0.10748147964477539, -2.3126614093780518], "sizes": [16.465376138687134, 7.150691509246826, 11.086037158966064]}, "frl_apartment_4": {"xlo": -1.1853903532028198, "ylo": -1.5080043077468872, "zlo": -3.6468029022216797, "xhi": 6.6525421142578125, "yhi": 1.4799864292144775, "zhi": 9.103363990783691, "center": [2.7335758805274963, -0.014008939266204834, 2.728280544281006], "sizes": [11.837932467460632, 6.987990736961365, 16.75016689300537]}, "room_1": {"xlo": -4.901561260223389, "ylo": -1.3987382650375366, "zlo": -2.1261086463928223, "xhi": 0.012661674991250038, "yhi": 0.33735448122024536, "zhi": 2.2283971309661865, "center": [-2.4444497926160693, -0.5306918919086456, 0.05114424228668213], "sizes": [8.914222935214639, 5.736092746257782, 8.354505777359009]}, "hotel_0": {"xlo": -2.786907911300659, "ylo": -1.0347577333450317, "zlo": -2.514918804168701, "xhi": 4.615614891052246, "yhi": 1.6890738010406494, "zhi": 1.660588264465332, "center": [0.9143534898757935, 0.32715803384780884, -0.42716526985168457], "sizes": [11.402522802352905, 6.723831534385681, 8.175507068634033]}, "office_4": {"xlo": -0.8157515525817871, "ylo": -1.201333999633789, "zlo": -3.4816231727600098, "xhi": 3.2812747955322266, "yhi": -0.1291879564523697, "zhi": 2.2145602703094482, "center": [1.2327616214752197, -0.6652609780430794, -0.6335314512252808], "sizes": [8.097026348114014, 5.072146043181419, 9.696183443069458]}, "room_0": {"xlo": -0.8571828007698059, "ylo": -1.5233244895935059, "zlo": -3.1821467876434326, "xhi": 6.142266273498535, "yhi": -0.328726589679718, "zhi": 1.1346732378005981, "center": [2.6425417363643646, -0.9260255396366119, -1.0237367749214172], "sizes": [10.999449074268341, 5.194597899913788, 8.31682002544403]}, "apartment_1": {"xlo": -2.1355810165405273, "ylo": -1.759560227394104, "zlo": -5.7786688804626465, "xhi": 7.854957580566406, "yhi": 0.5049521923065186, "zhi": 0.8856081962585449, "center": [2.8596882820129395, -0.6273040175437927, -2.446530342102051], "sizes": [13.990538597106934, 6.264512419700623, 10.664277076721191]}, "apartment_0": {"xlo": -2.8334667682647705, "ylo": -1.540267825126648, "zlo": -3.9659299850463867, "xhi": 4.7808966636657715, "yhi": 3.121753692626953, "zhi": 9.503183364868164, "center": [0.9737149477005005, 0.7907429337501526, 2.7686266899108887], "sizes": [11.614363431930542, 8.662021517753601, 17.46911334991455]}, "apartment_2": {"xlo": -1.9400904178619385, "ylo": -1.647918701171875, "zlo": -7.834654808044434, "xhi": 6.447311878204346, "yhi": -0.08728589862585068, "zhi": 1.3881936073303223, "center": [2.2536107301712036, -0.8676022998988628, -3.2232306003570557], "sizes": [12.387402296066284, 5.560632802546024, 13.222848415374756]}}