{"apartment_0_0": {"xlo": -2.035189390182495, "ylo": -1.540267825126648, "zlo": -3.9659299850463867, "xhi": 4.7808966636657715, "yhi": 1.133305311203003, "zhi": 9.503183364868164, "center": [1.3728536367416382, -0.2034812569618225, 2.7686266899108887], "sizes": [6.816086053848267, 2.673573136329651, 13.46911334991455]}, "apartment_0": {"xlo": -2.8334667682647705, "ylo": -1.540267825126648, "zlo": -3.9659299850463867, "xhi": 4.7808966636657715, "yhi": 3.121753692626953, "zhi": 9.503183364868164, "center": [0.9737149477005005, 0.7907429337501526, 2.7686266899108887], "sizes": [7.614363431930542, 4.662021517753601, 13.46911334991455]}, "apartment_0_1": {"xlo": -2.8334667682647705, "ylo": 1.2548996210098267, "zlo": -2.6056275367736816, "xhi": 3.5368640422821045, "yhi": 3.121753692626953, "zhi": 9.317720413208008, "center": [0.351698637008667, 2.18832665681839, 3.356046438217163], "sizes": [6.370330810546875, 1.8668540716171265, 11.92334794998169]}}