{"JF19kD82Mey_1": {"dim": [1094, 0, 569], "central_pos": [6.05091, 0.0, 3.39755], "map_world_shift": [-4.88678, 0.0, -2.29368], "y_min_value": 3.1937811374664307}, "wc2JMjhGNzB_1": {"dim": [726, 0, 1064], "central_pos": [-4.629675, 0.0, -5.0506150000000005], "map_world_shift": [-11.8921, 0.0, -15.6956], "y_min_value": 3.4586386680603027}, "i5noydFURQK_0": {"dim": [650, 0, 811], "central_pos": [1.5473350000000001, 0.0, 5.624315], "map_world_shift": [-4.9529, 0.0, -2.4839699999999985], "y_min_value": -3.3893136978149414}, "cV4RVeZvu5T_0": {"dim": [1017, 0, 942], "central_pos": [1.7000499999999996, 0.0, 5.89409], "map_world_shift": [-8.4661, 0.0, -3.526019999999999], "y_min_value": -1.050222396850586}, "8194nk5LbLH_0": {"dim": [1056, 0, 659], "central_pos": [1.3988450000000006, 0.0, 1.656635], "map_world_shift": [-9.16321, 0.0, -4.932360000000001], "y_min_value": -0.017499446868896484}, "rqfALeAoiTq_2": {"dim": [1445, 0, 571], "central_pos": [10.764759999999999, 0.0, 0.21355999999999975], "map_world_shift": [-3.6830800000000004, 0.0, -5.49694], "y_min_value": 2.5003747940063477}, "759xd9YjKW5_1": {"dim": [864, 0, 770], "central_pos": [-5.89217, 0.0, -4.8383199999999995], "map_world_shift": [-14.5349, 0.0, -12.5354], "y_min_value": 3.0975565910339355}, "VVfe2KiqLaN_1": {"dim": [907, 0, 475], "central_pos": [2.0701200000000006, 0.0, -0.026334999999999997], "map_world_shift": [-6.997359999999999, 0.0, -4.776669999999999], "y_min_value": 3.250613212585449}, "JF19kD82Mey_0": {"dim": [1083, 0, 593], "central_pos": [6.1392299999999995, 0.0, 2.99421], "map_world_shift": [-4.694040000000001, 0.0, -2.9315800000000003], "y_min_value": -0.06174231693148613}, "GdvgFV5R1Z5_0": {"dim": [526, 0, 531], "central_pos": [-3.13828, 0.0, 0.2620650000000002], "map_world_shift": [-8.39666, 0.0, -5.0511], "y_min_value": -0.023170869797468185}, "ur6pFq6Qu1A_0": {"dim": [1825, 0, 2373], "central_pos": [-7.53548, 0.0, -18.838375], "map_world_shift": [-25.7881, 0.0, -42.567], "y_min_value": -0.02947378158569336}, "ac26ZMwG7aT_0": {"dim": [2156, 0, 2480], "central_pos": [-1.1932500000000008, 0.0, 7.4368], "map_world_shift": [-22.749899999999997, 0.0, -17.358600000000003], "y_min_value": -0.20333051681518555}, "1LXtFkjw3qL_0": {"dim": [586, 0, 1173], "central_pos": [-2.8602350000000003, 0.0, 6.504185], "map_world_shift": [-8.72316, 0.0, -5.22223], "y_min_value": -3.059201240539551}, "EDJbREhghzL_0": {"dim": [1199, 0, 604], "central_pos": [-0.9897499999999999, 0.0, 3.3248699999999998], "map_world_shift": [-12.9816, 0.0, -2.7150800000000004], "y_min_value": -0.034117646515369415}, "jh4fc5c5qoQ_0": {"dim": [1017, 0, 862], "central_pos": [6.002895, 0.0, -1.633965], "map_world_shift": [-4.170509999999999, 0.0, -10.25014], "y_min_value": -0.02242882363498211}, "uNb9QFRL6hY_0": {"dim": [1212, 0, 2224], "central_pos": [-7.6883550000000005, 0.0, -18.20775], "map_world_shift": [-19.8076, 0.0, -40.4488], "y_min_value": -1.61673104763031}, "5LpN3gDmAk7_0": {"dim": [1128, 0, 1098], "central_pos": [8.583935, 0.0, 6.644700000000001], "map_world_shift": [-2.698129999999999, 0.0, -4.3303], "y_min_value": -1.3175773620605469}, "zsNo4HB9uLZ_0": {"dim": [1232, 0, 861], "central_pos": [8.096185, 0.0, -2.4269], "map_world_shift": [-4.223330000000001, 0.0, -11.0336], "y_min_value": -0.0028875956777483225}, "YFuZgdQ5vWj_0": {"dim": [1014, 0, 665], "central_pos": [5.05354, 0.0, -2.61332], "map_world_shift": [-5.083220000000001, 0.0, -9.25963], "y_min_value": -3.194859504699707}, "E9uDoFAP3SH_0": {"dim": [2104, 0, 1724], "central_pos": [0.1894999999999989, 0.0, 3.4528], "map_world_shift": [-20.8534, 0.0, -13.7852], "y_min_value": -6.0676589012146}, "p5wJjkQkbXX_1": {"dim": [1519, 0, 2019], "central_pos": [0.57315, 0.0, -12.928715000000002], "map_world_shift": [-14.6182, 0.0, -33.1191], "y_min_value": -0.12811994552612305}, "X7HyMhZNoso_0": {"dim": [764, 0, 1917], "central_pos": [-0.1741349999999997, 0.0, 17.162205], "map_world_shift": [-7.81302, 0.0, -2.0038899999999984], "y_min_value": -1.5208158493041992}, "VVfe2KiqLaN_0": {"dim": [1084, 0, 1259], "central_pos": [2.163345, 0.0, 3.48517], "map_world_shift": [-8.67341, 0.0, -9.10656], "y_min_value": -0.20722582936286926}, "1pXnuDYAj8r_1": {"dim": [903, 0, 1312], "central_pos": [7.951885, 0.0, 1.2516000000000007], "map_world_shift": [-1.0824299999999996, 0.0, -11.865400000000001], "y_min_value": 3.4097740650177}, "5ZKStnWn8Zo_1": {"dim": [2142, 0, 995], "central_pos": [8.63065, 0.0, 0.32833000000000023], "map_world_shift": [-12.785700000000002, 0.0, -9.620069999999998], "y_min_value": 0.03151770308613777}, "HxpKQynjfin_0": {"dim": [401, 0, 592], "central_pos": [1.9199650000000001, 0.0, 3.235545], "map_world_shift": [-2.0934099999999995, 0.0, -2.6834100000000003], "y_min_value": -0.03233041614294052}, "5q7pvUzZiYa_1": {"dim": [1537, 0, 735], "central_pos": [13.007900000000001, 0.0, -2.120165], "map_world_shift": [-2.358599999999999, 0.0, -9.46964], "y_min_value": -0.04474576190114021}, "q9vSo1VnCiC_0": {"dim": [1491, 0, 1015], "central_pos": [-0.3605999999999998, 0.0, 1.1675400000000002], "map_world_shift": [-15.2694, 0.0, -8.987219999999999], "y_min_value": -0.01754680462181568}, "rPc6DW4iMge_0": {"dim": [672, 0, 1662], "central_pos": [-2.014395, 0.0, 5.90544], "map_world_shift": [-8.73487, 0.0, -10.710920000000002], "y_min_value": -3.408527374267578}, "r47D5H71a5s_0": {"dim": [1400, 0, 784], "central_pos": [4.996595000000001, 0.0, -4.800235], "map_world_shift": [-9.00781, 0.0, -12.6443], "y_min_value": -0.768105685710907}, "1LXtFkjw3qL_1": {"dim": [710, 0, 1197], "central_pos": [-1.7375749999999996, 0.0, 6.3660049999999995], "map_world_shift": [-8.83386, 0.0, -5.604890000000001], "y_min_value": 0.003729195799678564}, "Z6MFQCViBuw_0": {"dim": [2218, 0, 1480], "central_pos": [15.527625, 0.0, -5.582825000000001], "map_world_shift": [-6.653649999999999, 0.0, -20.3838], "y_min_value": -0.03978720307350159}, "x8F5xyUWy9e_0": {"dim": [1180, 0, 1065], "central_pos": [-4.11906, 0.0, -0.29338], "map_world_shift": [-15.920000000000002, 0.0, -10.944189999999999], "y_min_value": -0.045694272965192795}, "29hnd4uzFmX_0": {"dim": [820, 0, 702], "central_pos": [-3.35802, 0.0, -3.0373849999999996], "map_world_shift": [-11.5618, 0.0, -10.05618], "y_min_value": -0.35606399178504944}, "Vvot9Ly1tCj_0": {"dim": [1971, 0, 2386], "central_pos": [1.72865, 0.0, 4.23155], "map_world_shift": [-17.9844, 0.0, -19.6329], "y_min_value": -0.10816478729248047}, "fzynW3qQPVF_1": {"dim": [2717, 0, 2432], "central_pos": [18.91753, 0.0, -2.70195], "map_world_shift": [-8.254440000000002, 0.0, -27.0199], "y_min_value": -0.057443857192993164}, "aayBHfsNo7d_0": {"dim": [1078, 0, 721], "central_pos": [8.182655, 0.0, 4.465335], "map_world_shift": [-2.6005900000000004, 0.0, -2.74033], "y_min_value": -0.055272817611694336}, "29hnd4uzFmX_1": {"dim": [681, 0, 793], "central_pos": [-2.2620600000000004, 0.0, -3.3015950000000003], "map_world_shift": [-9.07196, 0.0, -11.2329], "y_min_value": 2.6857919692993164}, "ZMojNkEp431_0": {"dim": [703, 0, 825], "central_pos": [24.955350000000003, 0.0, 2.3534250000000005], "map_world_shift": [17.925000000000004, 0.0, -5.8977200000000005], "y_min_value": -0.8680307269096375}, "QUCTc6BB5sX_0": {"dim": [1037, 0, 958], "central_pos": [-3.78841, 0.0, -17.322645], "map_world_shift": [-14.161099999999998, 0.0, -26.906], "y_min_value": -3.289276599884033}, "B6ByNegPMKs_0": {"dim": [5057, 0, 4279], "central_pos": [40.468695000000004, 0.0, 7.407350000000001], "map_world_shift": [-10.102509999999995, 0.0, -35.3827], "y_min_value": -0.05830574035644531}, "YVUC4YcDtcY_0": {"dim": [836, 0, 1669], "central_pos": [-12.163215000000001, 0.0, 26.81505], "map_world_shift": [-20.5258, 0.0, 10.125999999999998], "y_min_value": -0.018787624314427376}, "S9hNv5qa7GM_0": {"dim": [1181, 0, 1072], "central_pos": [-7.33083, 0.0, -0.6106799999999994], "map_world_shift": [-19.1438, 0.0, -11.3281], "y_min_value": -0.04644524306058884}, "17DRP5sb8fy_0": {"dim": [935, 0, 543],